-- 오늘 작업한 도메인들의 예제 데이터 (ID 충돌 방지 + NOT NULL 제약조건 해결)

-- Categories 데이터 (기존 데이터에 추가)
INSERT INTO "public"."categories" ("created_at", "id", "category_image", "description", "name")
VALUES ('2025-07-13 07:00:00+00', '100', null, '개발자들의 코딩 지식 공유', '개발'),
       ('2025-07-13 07:01:00+00', '101', null, '운동과 건강 관리 노하우', '운동'),
       ('2025-07-13 07:06:00+00', '102', null, '독서와 학습을 통한 자기계발', '독서'),
       ('2025-07-13 07:07:00+00', '103', null, '요리와 맛있는 레시피 공유', '요리');

-- Members 데이터 (기존 데이터에 추가)
INSERT INTO "public"."members" ("is_blacklisted", "created_at", "deleted_at", "id", "last_login", "updated_at", "email", "login_type", "name", "nickname", "password", "profile_image", "provider", "role", "status")
VALUES ('false', '2025-07-13 07:08:00+00', null, '100', null, null, 'ccc@example.com', 'LOCAL', '김개발', '코딩천재', '{bcrypt}$2a$10$.RttUQ8agUixVeg3UiLkJeboPyG9hq7EkEUZTOpPKpvW8K1oUKLRG', null, null, 'ROLE_USER', 'ACTIVE'),
       ('false', '2025-07-13 07:09:00+00', null, '101', null, null, 'ddd@example.com', 'LOCAL', '박요리사', '맛집헌터', '{bcrypt}$2a$10$.RttUQ8agUixVeg3UiLkJeboPyG9hq7EkEUZTOpPKpvW8K1oUKLRG', null, null, 'ROLE_USER', 'ACTIVE');

-- Hashtags 데이터 (기존 데이터에 추가)
INSERT INTO "public"."hashtags" ("created_at", "id", "name")
VALUES ('2025-07-13 07:02:00+00', '100', 'Spring'),
       ('2025-07-13 07:03:00+00', '101', 'Java'),
       ('2025-07-13 07:04:00+00', '102', '헬스장'),
       ('2025-07-13 07:05:00+00', '103', '홈트레이닝'),
       ('2025-07-13 07:10:00+00', '104', '독서모임'),
       ('2025-07-13 07:11:00+00', '105', '자기계발'),
       ('2025-07-13 07:12:00+00', '106', '집밥'),
       ('2025-07-13 07:13:00+00', '107', '레시피');

-- Quests 데이터 (NOT NULL 제약조건 해결: quest_image 필수)
INSERT INTO "public"."quests" ("created_at", "id", "member_id", "completed_at", "deleted_at", "description", "is_active", "quest_image", "title", "updated_at")
VALUES ('2025-07-13 07:10:00+00', '10001', '1', NULL, NULL, '스프링 부트 프로젝트를 처음부터 끝까지 설계하고 구현해보세요. 기본적인 CRUD 기능부터 고급 기능까지 포함해야 합니다.', 'true', '/uploads/quest-spring-boot.png', 'Spring Boot 프로젝트 구조 설계', '2025-07-13 07:10:00+00'),
       ('2025-07-13 07:15:00+00', '10002', '1', NULL, NULL, '매일 30분 이상 홈트레이닝을 하고 운동 영상을 찍어 인증해보세요. 꾸준함이 중요합니다!', 'true', '/uploads/quest-home-workout.png', '홈트레이닝 운동 루틴', '2025-07-13 07:15:00+00'),
       ('2025-07-13 07:20:00+00', '10003', '100', NULL, NULL, '한 달에 2권 이상의 책을 읽고 독서 후기를 작성하세요. 다양한 장르의 책을 읽어보는 것이 좋습니다.', 'true', '/uploads/quest-reading.png', '월 2권 독서 챌린지', '2025-07-13 07:20:00+00'),
       ('2025-07-13 07:25:00+00', '10004', '101', NULL, NULL, '매주 새로운 집밥 레시피를 만들어보고 사진과 함께 후기를 남겨보세요. 건강한 재료를 사용하는 것이 중요합니다.', 'true', '/uploads/quest-cooking.png', '건강한 집밥 레시피', '2025-07-13 07:25:00+00');

-- Quest Comments 데이터 (새로 추가)
INSERT INTO "public"."quest_comments" ("created_at", "id", "member_id", "quest_id", "updated_at", "content")
VALUES ('2025-07-13 07:30:00+00', '10001', '1', '10001', '2025-07-13 07:30:00+00', 'Spring Boot 프로젝트 구조 설계할 때 어떤 부분을 중점적으로 봐야 할까요?'),
       ('2025-07-13 07:31:00+00', '10002', '2', '10001', '2025-07-13 07:31:00+00', 'MVC 패턴을 잘 적용하는 것이 중요하다고 생각합니다. 레이어 분리도 신경써야 해요.'),
       ('2025-07-13 07:32:00+00', '10003', '100', '10002', '2025-07-13 07:32:00+00', '홈트레이닝 너무 좋아요! 매일 하는 게 정말 중요한 것 같습니다.'),
       ('2025-07-13 07:33:00+00', '10004', '101', '10002', '2025-07-13 07:33:00+00', '운동 초보자를 위한 쉬운 루틴부터 시작하면 좋을 것 같아요.'),
       ('2025-07-13 07:34:00+00', '10005', '1', '10003', '2025-07-13 07:34:00+00', '독서 챌린지 너무 좋은 아이디어네요. 저도 참여하고 싶어요!'),
       ('2025-07-13 07:35:00+00', '10006', '2', '10003', '2025-07-13 07:35:00+00', '어떤 장르의 책을 읽어야 할지 추천해주세요.'),
       ('2025-07-13 07:36:00+00', '10007', '100', '10004', '2025-07-13 07:36:00+00', '집밥 레시피 공유 정말 좋은 취지네요. 건강한 요리법 기대됩니다.'),
       ('2025-07-13 07:37:00+00', '10008', '1', '10004', '2025-07-13 07:37:00+00', '요리 초보도 쉽게 따라할 수 있는 레시피면 좋겠어요.');

-- Member Quests 데이터 (엔티티 필드명에 맞춰 수정: status, is_recognized 필수)
INSERT INTO "public"."member_quests" ("created_at", "id", "member_id", "quest_id", "updated_at", "completed_at", "status", "is_recognized", "answer")
VALUES ('2025-07-13 07:40:00+00', '10001', '1', '10001', '2025-07-13 07:40:00+00', NULL, 'SUBMITTED', 'false', '멀티 모듈 프로젝트 구조로 설계했습니다.'),
       ('2025-07-13 07:41:00+00', '10002', '2', '10001', '2025-07-13 07:41:00+00', NULL, 'SUBMITTED', 'false', '클린 아키텍처를 적용한 프로젝트입니다.'),
       ('2025-07-13 07:42:00+00', '10003', '100', '10002', '2025-07-13 07:42:00+00', NULL, 'SUBMITTED', 'false', '매일 30분 홈트레이닝을 실천하고 있습니다.'),
       ('2025-07-13 07:43:00+00', '10004', '101', '10002', '2025-07-13 07:43:00+00', NULL, 'SUBMITTED', 'false', 'HIIT 운동으로 고강도 운동을 하고 있습니다.'),
       ('2025-07-13 07:44:00+00', '10005', '1', '10003', '2025-07-13 07:44:00+00', NULL, 'SUBMITTED', 'false', '이번 달에 2권의 개발서를 읽었습니다.'),
       ('2025-07-13 07:45:00+00', '10006', '2', '10003', '2025-07-13 07:45:00+00', NULL, 'SUBMITTED', 'false', '자기계발서와 소설을 균형있게 읽고 있습니다.'),
       ('2025-07-13 07:46:00+00', '10007', '100', '10004', '2025-07-13 07:46:00+00', NULL, 'SUBMITTED', 'false', '건강한 단백질 위주의 레시피를 만들었습니다.'),
       ('2025-07-13 07:47:00+00', '10008', '1', '10004', '2025-07-13 07:47:00+00', NULL, 'SUBMITTED', 'false', '저칼로리 고단백 식단을 준비했습니다.');

-- Member Quest Evidence 데이터 (엔티티 필드명에 맞춰 수정: image_url 필수)
INSERT INTO "public"."member_quest_evidences" ("created_at", "id", "member_quest_id", "updated_at", "image_url", "description")
VALUES ('2025-07-13 07:50:00+00', '10001', '10001', '2025-07-13 07:50:00+00', '/uploads/evidence-spring-project-structure.png', 'Spring Boot 프로젝트의 기본 구조를 설계하고 패키지를 분리했습니다.'),
       ('2025-07-13 07:51:00+00', '10002', '10002', '2025-07-13 07:51:00+00', '/uploads/evidence-mvc-pattern.png', 'MVC 패턴을 적용한 컨트롤러와 서비스 레이어를 구현했습니다.'),
       ('2025-07-13 07:52:00+00', '10003', '10003', '2025-07-13 07:52:00+00', '/uploads/evidence-home-workout.jpg', '오늘 30분 홈트레이닝 완료! 플랭크와 스쿼트를 중심으로 운동했습니다.'),
       ('2025-07-13 07:53:00+00', '10004', '10004', '2025-07-13 07:53:00+00', '/uploads/evidence-workout-routine.jpg', '운동 루틴을 체계적으로 정리해서 매일 실천하고 있습니다.'),
       ('2025-07-13 07:54:00+00', '10005', '10005', '2025-07-13 07:54:00+00', '/uploads/evidence-book-review1.png', '이번 주에 읽은 책: "클린 코드" - 코드 품질 향상에 대한 좋은 인사이트를 얻었습니다.'),
       ('2025-07-13 07:55:00+00', '10006', '10006', '2025-07-13 07:55:00+00', '/uploads/evidence-book-review2.png', '두 번째 책: "자바의 정석" - 기본기를 다시 한 번 점검할 수 있어서 좋았습니다.'),
       ('2025-07-13 07:56:00+00', '10007', '10007', '2025-07-13 07:56:00+00', '/uploads/evidence-healthy-meal1.jpg', '오늘의 건강한 집밥: 현미밥과 구운 연어, 브로콜리 샐러드를 만들었습니다.'),
       ('2025-07-13 07:57:00+00', '10008', '10008', '2025-07-13 07:57:00+00', '/uploads/evidence-healthy-meal2.jpg', '간단한 아침 메뉴: 아보카도 토스트와 달걀프라이를 만들어 먹었습니다.');

-- Quest Ranks 데이터 (엔티티 필드명에 맞춰 수정: rank 필수)
INSERT INTO "public"."quest_ranks" ("created_at", "id", "member_id", "quest_id", "updated_at", "completed_at", "rank")
VALUES ('2025-07-13 08:00:00+00', '10001', '1', '10001', '2025-07-13 08:00:00+00', '2025-07-13 08:00:00+00', '1'),
       ('2025-07-13 08:01:00+00', '10002', '2', '10001', '2025-07-13 08:01:00+00', '2025-07-13 08:01:00+00', '2'),
       ('2025-07-13 08:02:00+00', '10003', '100', '10002', '2025-07-13 08:02:00+00', '2025-07-13 08:02:00+00', '1'),
       ('2025-07-13 08:03:00+00', '10004', '101', '10002', '2025-07-13 08:03:00+00', '2025-07-13 08:03:00+00', '2'),
       ('2025-07-13 08:04:00+00', '10005', '1', '10003', '2025-07-13 08:04:00+00', '2025-07-13 08:04:00+00', '1'),
       ('2025-07-13 08:05:00+00', '10006', '2', '10003', '2025-07-13 08:05:00+00', '2025-07-13 08:05:00+00', '2'),
       ('2025-07-13 08:06:00+00', '10007', '100', '10004', '2025-07-13 08:06:00+00', '2025-07-13 08:06:00+00', '1'),
       ('2025-07-13 08:07:00+00', '10008', '1', '10004', '2025-07-13 08:07:00+00', '2025-07-13 08:07:00+00', '2');

-- Reports 데이터 (신고 관련 추가)
INSERT INTO "public"."reports" (id, reporter_id, reported_member_id, roadmap_id, marker_id, quest_id, created_at, resolved_at, description, status)
VALUES (10001, 1, 100, NULL, NULL, 10001, '2025-07-13 08:10:00+00', NULL, '퀘스트 내용이 부적절합니다.', 'REPORTED'),
       (10002, 2, 101, 1, NULL, NULL, '2025-07-13 08:11:00+00', NULL, '로드맵에 잘못된 정보가 포함되어 있습니다.', 'REPORTED');

-- Roadmaps 데이터 (새로운 카테고리에 맞는 로드맵 추가)
INSERT INTO "public"."roadmaps" ("is_animated", "is_public", "like_count", "view_count", "category_id", "created_at", "deleted_at", "id", "member_id", "original_roadmap_id", "updated_at", "description", "roadmap_type", "thumbnail", "title")
VALUES ('true', 'true', '25', '120', '100', '2025-07-13 08:15:00+00', null, '10001', '100', null, null, 'Spring Boot 학습 로드맵 - 기초부터 고급까지', 'PERSONAL', null, 'Spring Boot 완벽 가이드'),
       ('true', 'true', '30', '95', '102', '2025-07-13 08:16:00+00', null, '10002', '101', null, null, '독서 습관 만들기 - 체계적인 독서 계획', 'SHARED', null, '독서 마스터 플랜');

-- Bookmarks 데이터 (새 로드맵 북마크)
INSERT INTO "public"."bookmarks" ("created_at", "id", "member_id", "roadmap_id")
VALUES ('2025-07-13 08:20:00+00', '10001', '1', '10001'),
       ('2025-07-13 08:21:00+00', '10002', '2', '10002');

-- Roadmap-Hashtag-relations 데이터 (로드맵과 해시태그 연결)
INSERT INTO "public"."roadmap_hashtag_relations" ("created_at", "hashtag_id", "id", "roadmap_id")
VALUES ('2025-07-13 08:25:00+00', '100', '10001', '10001'),
       ('2025-07-13 08:26:00+00', '101', '10002', '10001'),
       ('2025-07-13 08:27:00+00', '104', '10003', '10002'),
       ('2025-07-13 08:28:00+00', '105', '10004', '10002'); 
       